phrase,model,latency_ms,status,output_file
kalindio,ElevenLabs,1330.18,Success,../outputs/propernouns/elevenlabs/proper_1.mp3
kalindio,Sarvam,869.12,Success,../outputs/propernouns/sarvam/proper_1.wav
kalpana das,ElevenLabs,1204.81,Success,../outputs/propernouns/elevenlabs/proper_2.mp3
kalpana das,Sarvam,883.02,Success,../outputs/propernouns/sarvam/proper_2.wav
kalpavriksh tree,ElevenLabs,1371.5,Success,../outputs/propernouns/elevenlabs/proper_3.mp3
kalpavriksh tree,Sarvam,1047.43,Success,../outputs/propernouns/sarvam/proper_3.wav
kalpesh,ElevenLabs,1209.26,Success,../outputs/propernouns/elevenlabs/proper_4.mp3
kalpesh,Sarvam,887.08,Success,../outputs/propernouns/sarvam/proper_4.wav
kalpesh patel,ElevenLabs,1480.7,Success,../outputs/propernouns/elevenlabs/proper_5.mp3
kalpesh patel,Sarvam,794.34,Success,../outputs/propernouns/sarvam/proper_5.wav
kam bedroom,ElevenLabs,1158.2,Success,../outputs/propernouns/elevenlabs/proper_6.mp3
kam bedroom,Sarvam,1178.79,Success,../outputs/propernouns/sarvam/proper_6.wav
kam brar lloyd,ElevenLabs,1262.28,Success,../outputs/propernouns/elevenlabs/proper_7.mp3
kam brar lloyd,Sarvam,971.2,Success,../outputs/propernouns/sarvam/proper_7.wav
kamakshi three,ElevenLabs,1171.77,Success,../outputs/propernouns/elevenlabs/proper_8.mp3
kamakshi three,Sarvam,908.85,Success,../outputs/propernouns/sarvam/proper_8.wav
kamal one,ElevenLabs,1434.01,Success,../outputs/propernouns/elevenlabs/proper_9.mp3
kamal one,Sarvam,871.36,Success,../outputs/propernouns/sarvam/proper_9.wav
kamal room three,ElevenLabs,1266.03,Success,../outputs/propernouns/elevenlabs/proper_10.mp3
kamal room three,Sarvam,1026.93,Success,../outputs/propernouns/sarvam/proper_10.wav
kamal singh,ElevenLabs,1127.25,Success,../outputs/propernouns/elevenlabs/proper_11.mp3
kamal singh,Sarvam,775.77,Success,../outputs/propernouns/sarvam/proper_11.wav
kamal two,ElevenLabs,1063.4,Success,../outputs/propernouns/elevenlabs/proper_12.mp3
kamal two,Sarvam,840.35,Success,../outputs/propernouns/sarvam/proper_12.wav
kamalesh ac,ElevenLabs,1251.39,Success,../outputs/propernouns/elevenlabs/proper_13.mp3
kamalesh ac,Sarvam,994.17,Success,../outputs/propernouns/sarvam/proper_13.wav
kamaljeet singh,ElevenLabs,1323.67,Success,../outputs/propernouns/elevenlabs/proper_14.mp3
kamaljeet singh,Sarvam,927.78,Success,../outputs/propernouns/sarvam/proper_14.wav
kamesh,ElevenLabs,1729.4,Success,../outputs/propernouns/elevenlabs/proper_15.mp3
kamesh,Sarvam,805.44,Success,../outputs/propernouns/sarvam/proper_15.wav
kamlesh home,ElevenLabs,1120.03,Success,../outputs/propernouns/elevenlabs/proper_16.mp3
kamlesh home,Sarvam,806.97,Success,../outputs/propernouns/sarvam/proper_16.wav
kamsalya,ElevenLabs,1234.84,Success,../outputs/propernouns/elevenlabs/proper_17.mp3
kamsalya,Sarvam,896.88,Success,../outputs/propernouns/sarvam/proper_17.wav
kanak ac,ElevenLabs,1303.44,Success,../outputs/propernouns/elevenlabs/proper_18.mp3
kanak ac,Sarvam,844.9,Success,../outputs/propernouns/sarvam/proper_18.wav
kanaka durga,ElevenLabs,1455.83,Success,../outputs/propernouns/elevenlabs/proper_19.mp3
kanaka durga,Sarvam,839.05,Success,../outputs/propernouns/sarvam/proper_19.wav
kanasu nameboard,ElevenLabs,1288.76,Success,../outputs/propernouns/elevenlabs/proper_20.mp3
kanasu nameboard,Sarvam,953.2,Success,../outputs/propernouns/sarvam/proper_20.wav
kanchan,ElevenLabs,1192.85,Success,../outputs/propernouns/elevenlabs/proper_21.mp3
kanchan,Sarvam,814.36,Success,../outputs/propernouns/sarvam/proper_21.wav
kancharlas ac,ElevenLabs,1156.62,Success,../outputs/propernouns/elevenlabs/proper_22.mp3
kancharlas ac,Sarvam,1271.25,Success,../outputs/propernouns/sarvam/proper_22.wav
kandoth first floor,ElevenLabs,1340.71,Success,../outputs/propernouns/elevenlabs/proper_23.mp3
kandoth first floor,Sarvam,1155.56,Success,../outputs/propernouns/sarvam/proper_23.wav
kanha ji back light,ElevenLabs,1384.07,Success,../outputs/propernouns/elevenlabs/proper_24.mp3
kanha ji back light,Sarvam,1002.86,Success,../outputs/propernouns/sarvam/proper_24.wav
kanha ji focus,ElevenLabs,1427.3,Success,../outputs/propernouns/elevenlabs/proper_25.mp3
kanha ji focus,Sarvam,998.85,Success,../outputs/propernouns/sarvam/proper_25.wav
kanha kittu,ElevenLabs,989.02,Success,../outputs/propernouns/elevenlabs/proper_26.mp3
kanha kittu,Sarvam,851.17,Success,../outputs/propernouns/sarvam/proper_26.wav
kanhaiya ji smartac,ElevenLabs,1396.64,Success,../outputs/propernouns/elevenlabs/proper_27.mp3
kanhaiya ji smartac,Sarvam,1300.42,Success,../outputs/propernouns/sarvam/proper_27.wav
kankugachi stellar,ElevenLabs,1157.51,Success,../outputs/propernouns/elevenlabs/proper_28.mp3
kankugachi stellar,Sarvam,1112.21,Success,../outputs/propernouns/sarvam/proper_28.wav
kanna,ElevenLabs,1303.29,Success,../outputs/propernouns/elevenlabs/proper_29.mp3
kanna,Sarvam,682.71,Success,../outputs/propernouns/sarvam/proper_29.wav
kannaiah,ElevenLabs,1320.62,Success,../outputs/propernouns/elevenlabs/proper_30.mp3
kannaiah,Sarvam,698.38,Success,../outputs/propernouns/sarvam/proper_30.wav
kannimoola,ElevenLabs,1446.36,Success,../outputs/propernouns/elevenlabs/proper_31.mp3
kannimoola,Sarvam,810.9,Success,../outputs/propernouns/sarvam/proper_31.wav
kannu,ElevenLabs,1155.65,Success,../outputs/propernouns/elevenlabs/proper_32.mp3
kannu,Sarvam,646.16,Success,../outputs/propernouns/sarvam/proper_32.wav
kannupriya cabin,ElevenLabs,1432.36,Success,../outputs/propernouns/elevenlabs/proper_33.mp3
kannupriya cabin,Sarvam,890.53,Success,../outputs/propernouns/sarvam/proper_33.wav
kanu ac,ElevenLabs,1205.13,Success,../outputs/propernouns/elevenlabs/proper_34.mp3
kanu ac,Sarvam,665.59,Success,../outputs/propernouns/sarvam/proper_34.wav
kapat bottom led,ElevenLabs,1235.1,Success,../outputs/propernouns/elevenlabs/proper_35.mp3
kapat bottom led,Sarvam,965.88,Success,../outputs/propernouns/sarvam/proper_35.wav
kapil room geyser,ElevenLabs,1325.93,Success,../outputs/propernouns/elevenlabs/proper_36.mp3
kapil room geyser,Sarvam,1055.47,Success,../outputs/propernouns/sarvam/proper_36.wav
karan,ElevenLabs,1382.19,Success,../outputs/propernouns/elevenlabs/proper_37.mp3
karan,Sarvam,830.89,Success,../outputs/propernouns/sarvam/proper_37.wav
karan ac,ElevenLabs,942.15,Success,../outputs/propernouns/elevenlabs/proper_38.mp3
karan ac,Sarvam,678.29,Success,../outputs/propernouns/sarvam/proper_38.wav
karan ac,ElevenLabs,2053.09,Success,../outputs/propernouns/elevenlabs/proper_39.mp3
karan ac,Sarvam,1061.14,Success,../outputs/propernouns/sarvam/proper_39.wav
karan ananya room,ElevenLabs,1536.4,Success,../outputs/propernouns/elevenlabs/proper_40.mp3
karan ananya room,Sarvam,962.97,Success,../outputs/propernouns/sarvam/proper_40.wav
karan keshwala,ElevenLabs,1292.03,Success,../outputs/propernouns/elevenlabs/proper_41.mp3
karan keshwala,Sarvam,1043.2,Success,../outputs/propernouns/sarvam/proper_41.wav
karan novante,ElevenLabs,1227.92,Success,../outputs/propernouns/elevenlabs/proper_42.mp3
karan novante,Sarvam,982.26,Success,../outputs/propernouns/sarvam/proper_42.wav
karan ac,ElevenLabs,1773.62,Success,../outputs/propernouns/elevenlabs/proper_43.mp3
karan ac,Sarvam,1261.55,Success,../outputs/propernouns/sarvam/proper_43.wav
karan ka purifier,ElevenLabs,1420.14,Success,../outputs/propernouns/elevenlabs/proper_44.mp3
karan ka purifier,Sarvam,1059.37,Success,../outputs/propernouns/sarvam/proper_44.wav
karimnagar bajaj,ElevenLabs,1361.97,Success,../outputs/propernouns/elevenlabs/proper_45.mp3
karimnagar bajaj,Sarvam,1295.44,Success,../outputs/propernouns/sarvam/proper_45.wav
karjol,ElevenLabs,1274.1,Success,../outputs/propernouns/elevenlabs/proper_46.mp3
karjol,Sarvam,1326.5,Success,../outputs/propernouns/sarvam/proper_46.wav
karnika fan,ElevenLabs,1306.58,Success,../outputs/propernouns/elevenlabs/proper_47.mp3
karnika fan,Sarvam,839.1,Success,../outputs/propernouns/sarvam/proper_47.wav
karthi,ElevenLabs,1119.88,Success,../outputs/propernouns/elevenlabs/proper_48.mp3
karthi,Sarvam,899.68,Success,../outputs/propernouns/sarvam/proper_48.wav
karthik,ElevenLabs,1242.77,Success,../outputs/propernouns/elevenlabs/proper_49.mp3
karthik,Sarvam,618.54,Success,../outputs/propernouns/sarvam/proper_49.wav
karthik ac,ElevenLabs,1397.11,Success,../outputs/propernouns/elevenlabs/proper_50.mp3
karthik ac,Sarvam,1232.47,Success,../outputs/propernouns/sarvam/proper_50.wav
karthik fan,ElevenLabs,1187.88,Success,../outputs/propernouns/elevenlabs/proper_51.mp3
karthik fan,Sarvam,745.22,Success,../outputs/propernouns/sarvam/proper_51.wav
karthik geyser,ElevenLabs,1294.55,Success,../outputs/propernouns/elevenlabs/proper_52.mp3
karthik geyser,Sarvam,1090.62,Success,../outputs/propernouns/sarvam/proper_52.wav
karthik hall,ElevenLabs,1146.11,Success,../outputs/propernouns/elevenlabs/proper_53.mp3
karthik hall,Sarvam,786.64,Success,../outputs/propernouns/sarvam/proper_53.wav
karthik lloyd,ElevenLabs,1201.01,Success,../outputs/propernouns/elevenlabs/proper_54.mp3
karthik lloyd,Sarvam,1134.44,Success,../outputs/propernouns/sarvam/proper_54.wav
karthik room ac,ElevenLabs,1311.06,Success,../outputs/propernouns/elevenlabs/proper_55.mp3
karthik room ac,Sarvam,1296.49,Success,../outputs/propernouns/sarvam/proper_55.wav
karthiks,ElevenLabs,958.98,Success,../outputs/propernouns/elevenlabs/proper_56.mp3
karthiks,Sarvam,1148.26,Success,../outputs/propernouns/sarvam/proper_56.wav
kartic fan,ElevenLabs,1138.61,Success,../outputs/propernouns/elevenlabs/proper_57.mp3
kartic fan,Sarvam,1437.73,Success,../outputs/propernouns/sarvam/proper_57.wav
kartic switch,ElevenLabs,1329.71,Success,../outputs/propernouns/elevenlabs/proper_58.mp3
kartic switch,Sarvam,823.3,Success,../outputs/propernouns/sarvam/proper_58.wav
kartik,ElevenLabs,1166.46,Success,../outputs/propernouns/elevenlabs/proper_59.mp3
kartik,Sarvam,818.84,Success,../outputs/propernouns/sarvam/proper_59.wav
kartikay,ElevenLabs,1111.15,Success,../outputs/propernouns/elevenlabs/proper_60.mp3
kartikay,Sarvam,880.98,Success,../outputs/propernouns/sarvam/proper_60.wav
kartikeya airpurifier,ElevenLabs,1408.78,Success,../outputs/propernouns/elevenlabs/proper_61.mp3
kartikeya airpurifier,Sarvam,1281.69,Success,../outputs/propernouns/sarvam/proper_61.wav
karun,ElevenLabs,1071.68,Success,../outputs/propernouns/elevenlabs/proper_62.mp3
karun,Sarvam,723.16,Success,../outputs/propernouns/sarvam/proper_62.wav
karunas ac,ElevenLabs,1258.73,Success,../outputs/propernouns/elevenlabs/proper_63.mp3
karunas ac,Sarvam,1040.82,Success,../outputs/propernouns/sarvam/proper_63.wav
kashi ac,ElevenLabs,1385.42,Success,../outputs/propernouns/elevenlabs/proper_64.mp3
kashi ac,Sarvam,850.53,Success,../outputs/propernouns/sarvam/proper_64.wav
kashif ac,ElevenLabs,1014.99,Success,../outputs/propernouns/elevenlabs/proper_65.mp3
kashif ac,Sarvam,1236.03,Success,../outputs/propernouns/sarvam/proper_65.wav
kashif ac,ElevenLabs,1379.48,Success,../outputs/propernouns/elevenlabs/proper_66.mp3
kashif ac,Sarvam,927.11,Success,../outputs/propernouns/sarvam/proper_66.wav
kashish geyser,ElevenLabs,1280.66,Success,../outputs/propernouns/elevenlabs/proper_67.mp3
kashish geyser,Sarvam,881.46,Success,../outputs/propernouns/sarvam/proper_67.wav
kashmir darbar,ElevenLabs,1167.11,Success,../outputs/propernouns/elevenlabs/proper_68.mp3
kashmir darbar,Sarvam,947.41,Success,../outputs/propernouns/sarvam/proper_68.wav
kashmir darbar counter,ElevenLabs,2881.86,Success,../outputs/propernouns/elevenlabs/proper_69.mp3
kashmir darbar counter,Sarvam,1800.42,Success,../outputs/propernouns/sarvam/proper_69.wav
kashmir darbar l typ,ElevenLabs,1459.74,Success,../outputs/propernouns/elevenlabs/proper_70.mp3
kashmir darbar l typ,Sarvam,1192.81,Success,../outputs/propernouns/sarvam/proper_70.wav
kashmir ki kali,ElevenLabs,1439.25,Success,../outputs/propernouns/elevenlabs/proper_71.mp3
kashmir ki kali,Sarvam,887.45,Success,../outputs/propernouns/sarvam/proper_71.wav
kashmir palace,ElevenLabs,1159.85,Success,../outputs/propernouns/elevenlabs/proper_72.mp3
kashmir palace,Sarvam,1057.7,Success,../outputs/propernouns/sarvam/proper_72.wav
kashvi,ElevenLabs,1084.02,Success,../outputs/propernouns/elevenlabs/proper_73.mp3
kashvi,Sarvam,885.76,Success,../outputs/propernouns/sarvam/proper_73.wav
kashvi switch,ElevenLabs,1200.21,Success,../outputs/propernouns/elevenlabs/proper_74.mp3
kashvi switch,Sarvam,1093.38,Success,../outputs/propernouns/sarvam/proper_74.wav
kasol time,ElevenLabs,1094.5,Success,../outputs/propernouns/elevenlabs/proper_75.mp3
kasol time,Sarvam,862.2,Success,../outputs/propernouns/sarvam/proper_75.wav
katara ac,ElevenLabs,1034.11,Success,../outputs/propernouns/elevenlabs/proper_76.mp3
katara ac,Sarvam,1105.37,Success,../outputs/propernouns/sarvam/proper_76.wav
katare dinesh kumar,ElevenLabs,1409.86,Success,../outputs/propernouns/elevenlabs/proper_77.mp3
katare dinesh kumar,Sarvam,987.65,Success,../outputs/propernouns/sarvam/proper_77.wav
kathalikandathil,ElevenLabs,1558.04,Success,../outputs/propernouns/elevenlabs/proper_78.mp3
kathalikandathil,Sarvam,1035.54,Success,../outputs/propernouns/sarvam/proper_78.wav
kattuac,ElevenLabs,1039.36,Success,../outputs/propernouns/elevenlabs/proper_79.mp3
kattuac,Sarvam,782.77,Success,../outputs/propernouns/sarvam/proper_79.wav
kauf,ElevenLabs,1360.24,Success,../outputs/propernouns/elevenlabs/proper_80.mp3
kauf,Sarvam,750.07,Success,../outputs/propernouns/sarvam/proper_80.wav
kaushik ac,ElevenLabs,1116.67,Success,../outputs/propernouns/elevenlabs/proper_81.mp3
kaushik ac,Sarvam,956.01,Success,../outputs/propernouns/sarvam/proper_81.wav
kaushik bedroom,ElevenLabs,1188.0,Success,../outputs/propernouns/elevenlabs/proper_82.mp3
kaushik bedroom,Sarvam,1065.74,Success,../outputs/propernouns/sarvam/proper_82.wav
kaushik bedroom soc,ElevenLabs,1513.33,Success,../outputs/propernouns/elevenlabs/proper_83.mp3
kaushik bedroom soc,Sarvam,942.69,Success,../outputs/propernouns/sarvam/proper_83.wav
kaustubh bd lloyd ac,ElevenLabs,1758.34,Success,../outputs/propernouns/elevenlabs/proper_84.mp3
kaustubh bd lloyd ac,Sarvam,1308.79,Success,../outputs/propernouns/sarvam/proper_84.wav
kavita,ElevenLabs,1020.68,Success,../outputs/propernouns/elevenlabs/proper_85.mp3
kavita,Sarvam,777.54,Success,../outputs/propernouns/sarvam/proper_85.wav
kavya ac,ElevenLabs,1286.45,Success,../outputs/propernouns/elevenlabs/proper_86.mp3
kavya ac,Sarvam,1301.49,Success,../outputs/propernouns/sarvam/proper_86.wav
kavya ac,ElevenLabs,1171.35,Success,../outputs/propernouns/elevenlabs/proper_87.mp3
kavya ac,Sarvam,1388.85,Success,../outputs/propernouns/sarvam/proper_87.wav
kavya ac,ElevenLabs,1189.72,Success,../outputs/propernouns/elevenlabs/proper_88.mp3
kavya ac,Sarvam,887.82,Success,../outputs/propernouns/sarvam/proper_88.wav
kavyansh,ElevenLabs,1355.93,Success,../outputs/propernouns/elevenlabs/proper_89.mp3
kavyansh,Sarvam,781.74,Success,../outputs/propernouns/sarvam/proper_89.wav
kavyansh purifier,ElevenLabs,1374.62,Success,../outputs/propernouns/elevenlabs/proper_90.mp3
kavyansh purifier,Sarvam,1044.95,Success,../outputs/propernouns/sarvam/proper_90.wav
kay k,ElevenLabs,949.53,Success,../outputs/propernouns/elevenlabs/proper_91.mp3
kay k,Sarvam,682.39,Success,../outputs/propernouns/sarvam/proper_91.wav
kayna,ElevenLabs,1180.33,Success,../outputs/propernouns/elevenlabs/proper_92.mp3
kayna,Sarvam,765.26,Success,../outputs/propernouns/sarvam/proper_92.wav
kayra room fan,ElevenLabs,1190.43,Success,../outputs/propernouns/elevenlabs/proper_93.mp3
kayra room fan,Sarvam,1178.47,Success,../outputs/propernouns/sarvam/proper_93.wav
kayu,ElevenLabs,1285.61,Success,../outputs/propernouns/elevenlabs/proper_94.mp3
kayu,Sarvam,812.3,Success,../outputs/propernouns/sarvam/proper_94.wav
kdm,ElevenLabs,1210.21,Success,../outputs/propernouns/elevenlabs/proper_95.mp3
kdm,Sarvam,806.51,Success,../outputs/propernouns/sarvam/proper_95.wav
kdraj,ElevenLabs,1461.57,Success,../outputs/propernouns/elevenlabs/proper_96.mp3
kdraj,Sarvam,1001.53,Success,../outputs/propernouns/sarvam/proper_96.wav
keerthana ac,ElevenLabs,1323.51,Success,../outputs/propernouns/elevenlabs/proper_97.mp3
keerthana ac,Sarvam,1379.07,Success,../outputs/propernouns/sarvam/proper_97.wav
keerthi,ElevenLabs,1061.1,Success,../outputs/propernouns/elevenlabs/proper_98.mp3
keerthi,Sarvam,730.31,Success,../outputs/propernouns/sarvam/proper_98.wav
keerthi traders,ElevenLabs,1389.63,Success,../outputs/propernouns/elevenlabs/proper_99.mp3
keerthi traders,Sarvam,1212.72,Success,../outputs/propernouns/sarvam/proper_99.wav
keesha,ElevenLabs,1112.95,Success,../outputs/propernouns/elevenlabs/proper_100.mp3
keesha,Sarvam,779.97,Success,../outputs/propernouns/sarvam/proper_100.wav
keka,ElevenLabs,1173.91,Success,../outputs/propernouns/elevenlabs/proper_101.mp3
keka,Sarvam,711.83,Success,../outputs/propernouns/sarvam/proper_101.wav
kelvin ac,ElevenLabs,1246.81,Success,../outputs/propernouns/elevenlabs/proper_102.mp3
kelvin ac,Sarvam,1223.97,Success,../outputs/propernouns/sarvam/proper_102.wav
kesha,ElevenLabs,1068.15,Success,../outputs/propernouns/elevenlabs/proper_103.mp3
kesha,Sarvam,889.46,Success,../outputs/propernouns/sarvam/proper_103.wav
keshank ac,ElevenLabs,1166.42,Success,../outputs/propernouns/elevenlabs/proper_104.mp3
keshank ac,Sarvam,1312.1,Success,../outputs/propernouns/sarvam/proper_104.wav
keshari,ElevenLabs,1321.35,Success,../outputs/propernouns/elevenlabs/proper_105.mp3
keshari,Sarvam,757.67,Success,../outputs/propernouns/sarvam/proper_105.wav
keshav,ElevenLabs,1150.64,Success,../outputs/propernouns/elevenlabs/proper_106.mp3
keshav,Sarvam,801.82,Success,../outputs/propernouns/sarvam/proper_106.wav
keshav geyser,ElevenLabs,1468.59,Success,../outputs/propernouns/elevenlabs/proper_107.mp3
keshav geyser,Sarvam,819.35,Success,../outputs/propernouns/sarvam/proper_107.wav
keshav sales,ElevenLabs,1186.75,Success,../outputs/propernouns/elevenlabs/proper_108.mp3
keshav sales,Sarvam,860.78,Success,../outputs/propernouns/sarvam/proper_108.wav
ketan ac,ElevenLabs,1143.76,Success,../outputs/propernouns/elevenlabs/proper_109.mp3
ketan ac,Sarvam,1273.0,Success,../outputs/propernouns/sarvam/proper_109.wav
ketan fan a,ElevenLabs,1340.38,Success,../outputs/propernouns/elevenlabs/proper_110.mp3
ketan fan a,Sarvam,1897.41,Success,../outputs/propernouns/sarvam/proper_110.wav
ketan noida,ElevenLabs,1358.16,Success,../outputs/propernouns/elevenlabs/proper_111.mp3
ketan noida,Sarvam,1488.37,Success,../outputs/propernouns/sarvam/proper_111.wav
ketan room,ElevenLabs,1304.66,Success,../outputs/propernouns/elevenlabs/proper_112.mp3
ketan room,Sarvam,902.71,Success,../outputs/propernouns/sarvam/proper_112.wav
ketul ac,ElevenLabs,1055.8,Success,../outputs/propernouns/elevenlabs/proper_113.mp3
ketul ac,Sarvam,1281.04,Success,../outputs/propernouns/sarvam/proper_113.wav
ketul lloyd,ElevenLabs,1290.99,Success,../outputs/propernouns/elevenlabs/proper_114.mp3
ketul lloyd,Sarvam,812.32,Success,../outputs/propernouns/sarvam/proper_114.wav
keval ac,ElevenLabs,1219.66,Success,../outputs/propernouns/elevenlabs/proper_115.mp3
keval ac,Sarvam,989.18,Success,../outputs/propernouns/sarvam/proper_115.wav
keval room,ElevenLabs,1052.51,Success,../outputs/propernouns/elevenlabs/proper_116.mp3
keval room,Sarvam,997.11,Success,../outputs/propernouns/sarvam/proper_116.wav
kevin,ElevenLabs,1048.23,Success,../outputs/propernouns/elevenlabs/proper_117.mp3
kevin,Sarvam,1343.03,Success,../outputs/propernouns/sarvam/proper_117.wav
kevu room,ElevenLabs,1012.48,Success,../outputs/propernouns/elevenlabs/proper_118.mp3
kevu room,Sarvam,805.34,Success,../outputs/propernouns/sarvam/proper_118.wav
keyvan gyser,ElevenLabs,1462.75,Success,../outputs/propernouns/elevenlabs/proper_119.mp3
keyvan gyser,Sarvam,1073.91,Success,../outputs/propernouns/sarvam/proper_119.wav
kgf,ElevenLabs,1042.75,Success,../outputs/propernouns/elevenlabs/proper_120.mp3
kgf,Sarvam,781.38,Success,../outputs/propernouns/sarvam/proper_120.wav
khader,ElevenLabs,945.73,Success,../outputs/propernouns/elevenlabs/proper_121.mp3
khader,Sarvam,764.89,Success,../outputs/propernouns/sarvam/proper_121.wav
khali,ElevenLabs,1330.32,Success,../outputs/propernouns/elevenlabs/proper_122.mp3
khali,Sarvam,870.28,Success,../outputs/propernouns/sarvam/proper_122.wav
khalid,ElevenLabs,1246.2,Success,../outputs/propernouns/elevenlabs/proper_123.mp3
khalid,Sarvam,721.66,Success,../outputs/propernouns/sarvam/proper_123.wav
khalid zyan,ElevenLabs,1160.65,Success,../outputs/propernouns/elevenlabs/proper_124.mp3
khalid zyan,Sarvam,1014.59,Success,../outputs/propernouns/sarvam/proper_124.wav
khan biryani shop,ElevenLabs,1249.7,Success,../outputs/propernouns/elevenlabs/proper_125.mp3
khan biryani shop,Sarvam,1135.73,Success,../outputs/propernouns/sarvam/proper_125.wav
khasnavis,ElevenLabs,1190.23,Success,../outputs/propernouns/elevenlabs/proper_126.mp3
khasnavis,Sarvam,1277.71,Success,../outputs/propernouns/sarvam/proper_126.wav
khatun amma,ElevenLabs,1187.21,Success,../outputs/propernouns/elevenlabs/proper_127.mp3
khatun amma,Sarvam,1139.27,Success,../outputs/propernouns/sarvam/proper_127.wav
kher washing machine,ElevenLabs,1172.71,Success,../outputs/propernouns/elevenlabs/proper_128.mp3
kher washing machine,Sarvam,1001.22,Success,../outputs/propernouns/sarvam/proper_128.wav
kheta room,ElevenLabs,1120.29,Success,../outputs/propernouns/elevenlabs/proper_129.mp3
kheta room,Sarvam,904.91,Success,../outputs/propernouns/sarvam/proper_129.wav
khushi,ElevenLabs,1172.52,Success,../outputs/propernouns/elevenlabs/proper_130.mp3
khushi,Sarvam,691.29,Success,../outputs/propernouns/sarvam/proper_130.wav
khushi ac,ElevenLabs,1090.51,Success,../outputs/propernouns/elevenlabs/proper_131.mp3
khushi ac,Sarvam,937.29,Success,../outputs/propernouns/sarvam/proper_131.wav
khushi lloyd,ElevenLabs,1231.85,Success,../outputs/propernouns/elevenlabs/proper_132.mp3
khushi lloyd,Sarvam,976.2,Success,../outputs/propernouns/sarvam/proper_132.wav
khushi room,ElevenLabs,1310.86,Success,../outputs/propernouns/elevenlabs/proper_133.mp3
khushi room,Sarvam,924.96,Success,../outputs/propernouns/sarvam/proper_133.wav
khushi bedroom,ElevenLabs,1147.49,Success,../outputs/propernouns/elevenlabs/proper_134.mp3
khushi bedroom,Sarvam,897.8,Success,../outputs/propernouns/sarvam/proper_134.wav
khushi dressing,ElevenLabs,1199.74,Success,../outputs/propernouns/elevenlabs/proper_135.mp3
khushi dressing,Sarvam,865.79,Success,../outputs/propernouns/sarvam/proper_135.wav
khushi fan,ElevenLabs,1204.8,Success,../outputs/propernouns/elevenlabs/proper_136.mp3
khushi fan,Sarvam,911.91,Success,../outputs/propernouns/sarvam/proper_136.wav
khushi room,ElevenLabs,1207.8,Success,../outputs/propernouns/elevenlabs/proper_137.mp3
khushi room,Sarvam,1010.01,Success,../outputs/propernouns/sarvam/proper_137.wav
khushu ac,ElevenLabs,1178.79,Success,../outputs/propernouns/elevenlabs/proper_138.mp3
khushu ac,Sarvam,1413.83,Success,../outputs/propernouns/sarvam/proper_138.wav
kiara,ElevenLabs,1153.19,Success,../outputs/propernouns/elevenlabs/proper_139.mp3
kiara,Sarvam,824.94,Success,../outputs/propernouns/sarvam/proper_139.wav
kiara washing machine,ElevenLabs,1264.28,Success,../outputs/propernouns/elevenlabs/proper_140.mp3
kiara washing machine,Sarvam,1108.37,Success,../outputs/propernouns/sarvam/proper_140.wav
kichen ac,ElevenLabs,1247.78,Success,../outputs/propernouns/elevenlabs/proper_141.mp3
kichen ac,Sarvam,1027.77,Success,../outputs/propernouns/sarvam/proper_141.wav
kichen switch two,ElevenLabs,1146.48,Success,../outputs/propernouns/elevenlabs/proper_142.mp3
kichen switch two,Sarvam,1012.07,Success,../outputs/propernouns/sarvam/proper_142.wav
kichuac,ElevenLabs,923.12,Success,../outputs/propernouns/elevenlabs/proper_143.mp3
kichuac,Sarvam,1144.37,Success,../outputs/propernouns/sarvam/proper_143.wav
kid bedroom,ElevenLabs,1228.25,Success,../outputs/propernouns/elevenlabs/proper_144.mp3
kid bedroom,Sarvam,761.54,Success,../outputs/propernouns/sarvam/proper_144.wav
kid light,ElevenLabs,1268.6,Success,../outputs/propernouns/elevenlabs/proper_145.mp3
kid light,Sarvam,748.88,Success,../outputs/propernouns/sarvam/proper_145.wav
kid room fan,ElevenLabs,1362.08,Success,../outputs/propernouns/elevenlabs/proper_146.mp3
kid room fan,Sarvam,1033.29,Success,../outputs/propernouns/sarvam/proper_146.wav
kid bedroom,ElevenLabs,1030.41,Success,../outputs/propernouns/elevenlabs/proper_147.mp3
kid bedroom,Sarvam,896.7,Success,../outputs/propernouns/sarvam/proper_147.wav
kid fan,ElevenLabs,1008.64,Success,../outputs/propernouns/elevenlabs/proper_148.mp3
kid fan,Sarvam,918.95,Success,../outputs/propernouns/sarvam/proper_148.wav
kid laser two,ElevenLabs,1451.65,Success,../outputs/propernouns/elevenlabs/proper_149.mp3
kid laser two,Sarvam,1117.24,Success,../outputs/propernouns/sarvam/proper_149.wav
kids,ElevenLabs,1330.76,Success,../outputs/propernouns/elevenlabs/proper_150.mp3
kids,Sarvam,835.1,Success,../outputs/propernouns/sarvam/proper_150.wav
kids ac,ElevenLabs,1090.27,Success,../outputs/propernouns/elevenlabs/proper_151.mp3
kids ac,Sarvam,1213.49,Success,../outputs/propernouns/sarvam/proper_151.wav
kids bead room fan,ElevenLabs,1395.18,Success,../outputs/propernouns/elevenlabs/proper_152.mp3
kids bead room fan,Sarvam,1328.18,Success,../outputs/propernouns/sarvam/proper_152.wav
kids bed back light,ElevenLabs,1361.81,Success,../outputs/propernouns/elevenlabs/proper_153.mp3
kids bed back light,Sarvam,956.08,Success,../outputs/propernouns/sarvam/proper_153.wav
kids bed centre ligh,ElevenLabs,1291.56,Success,../outputs/propernouns/elevenlabs/proper_154.mp3
kids bed centre ligh,Sarvam,1027.89,Success,../outputs/propernouns/sarvam/proper_154.wav
kids bed n,ElevenLabs,1254.25,Success,../outputs/propernouns/elevenlabs/proper_155.mp3
kids bed n,Sarvam,1116.81,Success,../outputs/propernouns/sarvam/proper_155.wav
kids bed scene,ElevenLabs,1380.31,Success,../outputs/propernouns/elevenlabs/proper_156.mp3
kids bed scene,Sarvam,1149.51,Success,../outputs/propernouns/sarvam/proper_156.wav
kids bed side light,ElevenLabs,1384.94,Success,../outputs/propernouns/elevenlabs/proper_157.mp3
kids bed side light,Sarvam,1230.68,Success,../outputs/propernouns/sarvam/proper_157.wav
kids bed side lt,ElevenLabs,1481.01,Success,../outputs/propernouns/elevenlabs/proper_158.mp3
kids bed side lt,Sarvam,1296.47,Success,../outputs/propernouns/sarvam/proper_158.wav
kids bed room,ElevenLabs,1674.49,Success,../outputs/propernouns/elevenlabs/proper_159.mp3
kids bed room,Sarvam,1197.88,Success,../outputs/propernouns/sarvam/proper_159.wav
kids bedroom,ElevenLabs,1104.31,Success,../outputs/propernouns/elevenlabs/proper_160.mp3
kids bedroom,Sarvam,1121.37,Success,../outputs/propernouns/sarvam/proper_160.wav
kids bedroom fan,ElevenLabs,1323.49,Success,../outputs/propernouns/elevenlabs/proper_161.mp3
kids bedroom fan,Sarvam,1017.71,Success,../outputs/propernouns/sarvam/proper_161.wav
kids bedroom geyser,ElevenLabs,1574.89,Success,../outputs/propernouns/elevenlabs/proper_162.mp3
kids bedroom geyser,Sarvam,1770.74,Success,../outputs/propernouns/sarvam/proper_162.wav
kids bedroom gyser,ElevenLabs,1124.65,Success,../outputs/propernouns/elevenlabs/proper_163.mp3
kids bedroom gyser,Sarvam,1277.37,Success,../outputs/propernouns/sarvam/proper_163.wav
kids bedroom fan,ElevenLabs,1442.02,Success,../outputs/propernouns/elevenlabs/proper_164.mp3
kids bedroom fan,Sarvam,1489.95,Success,../outputs/propernouns/sarvam/proper_164.wav
kids blackout,ElevenLabs,1085.55,Success,../outputs/propernouns/elevenlabs/proper_165.mp3
kids blackout,Sarvam,853.65,Success,../outputs/propernouns/sarvam/proper_165.wav
kids blands,ElevenLabs,1628.82,Success,../outputs/propernouns/elevenlabs/proper_166.mp3
kids blands,Sarvam,1607.0,Success,../outputs/propernouns/sarvam/proper_166.wav
kids button light,ElevenLabs,1240.08,Success,../outputs/propernouns/elevenlabs/proper_167.mp3
kids button light,Sarvam,910.46,Success,../outputs/propernouns/sarvam/proper_167.wav
kids cove,ElevenLabs,1053.45,Success,../outputs/propernouns/elevenlabs/proper_168.mp3
kids cove,Sarvam,1184.53,Success,../outputs/propernouns/sarvam/proper_168.wav
kids cove light,ElevenLabs,1270.07,Success,../outputs/propernouns/elevenlabs/proper_169.mp3
kids cove light,Sarvam,1011.15,Success,../outputs/propernouns/sarvam/proper_169.wav
kids curtain,ElevenLabs,1367.95,Success,../outputs/propernouns/elevenlabs/proper_170.mp3
kids curtain,Sarvam,1129.52,Success,../outputs/propernouns/sarvam/proper_170.wav
kids dim,ElevenLabs,1339.14,Success,../outputs/propernouns/elevenlabs/proper_171.mp3
kids dim,Sarvam,992.36,Success,../outputs/propernouns/sarvam/proper_171.wav
kids dimmer,ElevenLabs,1275.66,Success,../outputs/propernouns/elevenlabs/proper_172.mp3
kids dimmer,Sarvam,1071.86,Success,../outputs/propernouns/sarvam/proper_172.wav
kids downlight,ElevenLabs,1074.86,Success,../outputs/propernouns/elevenlabs/proper_173.mp3
kids downlight,Sarvam,1282.47,Success,../outputs/propernouns/sarvam/proper_173.wav
kids downlight one,ElevenLabs,1434.12,Success,../outputs/propernouns/elevenlabs/proper_174.mp3
kids downlight one,Sarvam,1518.63,Success,../outputs/propernouns/sarvam/proper_174.wav
kids downlight two,ElevenLabs,1477.28,Success,../outputs/propernouns/elevenlabs/proper_175.mp3
kids downlight two,Sarvam,1058.09,Success,../outputs/propernouns/sarvam/proper_175.wav
kids entrance,ElevenLabs,1308.69,Success,../outputs/propernouns/elevenlabs/proper_176.mp3
kids entrance,Sarvam,1337.41,Success,../outputs/propernouns/sarvam/proper_176.wav
kids fan,ElevenLabs,1130.2,Success,../outputs/propernouns/elevenlabs/proper_177.mp3
kids fan,Sarvam,1023.81,Success,../outputs/propernouns/sarvam/proper_177.wav
kids four,ElevenLabs,1303.23,Success,../outputs/propernouns/elevenlabs/proper_178.mp3
kids four,Sarvam,926.39,Success,../outputs/propernouns/sarvam/proper_178.wav
kids geyser,ElevenLabs,1418.43,Success,../outputs/propernouns/elevenlabs/proper_179.mp3
kids geyser,Sarvam,978.17,Success,../outputs/propernouns/sarvam/proper_179.wav
kids laser one,ElevenLabs,1704.34,Success,../outputs/propernouns/elevenlabs/proper_180.mp3
kids laser one,Sarvam,1369.97,Success,../outputs/propernouns/sarvam/proper_180.wav
kids middle light,ElevenLabs,1487.42,Success,../outputs/propernouns/elevenlabs/proper_181.mp3
kids middle light,Sarvam,1238.16,Success,../outputs/propernouns/sarvam/proper_181.wav
kids one,ElevenLabs,1288.66,Success,../outputs/propernouns/elevenlabs/proper_182.mp3
kids one,Sarvam,984.61,Success,../outputs/propernouns/sarvam/proper_182.wav
kids panel light one,ElevenLabs,1391.58,Success,../outputs/propernouns/elevenlabs/proper_183.mp3
kids panel light one,Sarvam,1092.87,Success,../outputs/propernouns/sarvam/proper_183.wav
kids panel light two,ElevenLabs,1441.87,Success,../outputs/propernouns/elevenlabs/proper_184.mp3
kids panel light two,Sarvam,1136.52,Success,../outputs/propernouns/sarvam/proper_184.wav
kids relay,ElevenLabs,1115.78,Success,../outputs/propernouns/elevenlabs/proper_185.mp3
kids relay,Sarvam,1319.26,Success,../outputs/propernouns/sarvam/proper_185.wav
kids room,ElevenLabs,1324.87,Success,../outputs/propernouns/elevenlabs/proper_186.mp3
kids room,Sarvam,1055.11,Success,../outputs/propernouns/sarvam/proper_186.wav
kids room ac,ElevenLabs,1255.98,Success,../outputs/propernouns/elevenlabs/proper_187.mp3
kids room ac,Sarvam,1033.9,Success,../outputs/propernouns/sarvam/proper_187.wav
kids room cob light,ElevenLabs,1378.95,Success,../outputs/propernouns/elevenlabs/proper_188.mp3
kids room cob light,Sarvam,1177.11,Success,../outputs/propernouns/sarvam/proper_188.wav
kids room entry,ElevenLabs,1191.16,Success,../outputs/propernouns/elevenlabs/proper_189.mp3
kids room entry,Sarvam,1364.95,Success,../outputs/propernouns/sarvam/proper_189.wav
kids room entry two,ElevenLabs,1255.42,Success,../outputs/propernouns/elevenlabs/proper_190.mp3
kids room entry two,Sarvam,1210.83,Success,../outputs/propernouns/sarvam/proper_190.wav
kids room ety,ElevenLabs,1340.24,Success,../outputs/propernouns/elevenlabs/proper_191.mp3
kids room ety,Sarvam,1200.4,Success,../outputs/propernouns/sarvam/proper_191.wav
kids room fan,ElevenLabs,1475.93,Success,../outputs/propernouns/elevenlabs/proper_192.mp3
kids room fan,Sarvam,997.32,Success,../outputs/propernouns/sarvam/proper_192.wav
kids room fan,ElevenLabs,1361.48,Success,../outputs/propernouns/elevenlabs/proper_193.mp3
kids room fan,Sarvam,1660.21,Success,../outputs/propernouns/sarvam/proper_193.wav
kids room geysar,ElevenLabs,1421.64,Success,../outputs/propernouns/elevenlabs/proper_194.mp3
kids room geysar,Sarvam,1005.35,Success,../outputs/propernouns/sarvam/proper_194.wav
kids room lights,ElevenLabs,1295.1,Success,../outputs/propernouns/elevenlabs/proper_195.mp3
kids room lights,Sarvam,869.12,Success,../outputs/propernouns/sarvam/proper_195.wav
kids room dimmy,ElevenLabs,1263.81,Success,../outputs/propernouns/elevenlabs/proper_196.mp3
kids room dimmy,Sarvam,1358.22,Success,../outputs/propernouns/sarvam/proper_196.wav
kids room fan,ElevenLabs,1204.21,Success,../outputs/propernouns/elevenlabs/proper_197.mp3
kids room fan,Sarvam,950.7,Success,../outputs/propernouns/sarvam/proper_197.wav
kids spot,ElevenLabs,1223.69,Success,../outputs/propernouns/elevenlabs/proper_198.mp3
kids spot,Sarvam,718.36,Success,../outputs/propernouns/sarvam/proper_198.wav
kids strip,ElevenLabs,1063.08,Success,../outputs/propernouns/elevenlabs/proper_199.mp3
kids strip,Sarvam,1260.76,Success,../outputs/propernouns/sarvam/proper_199.wav
kids study,ElevenLabs,1094.09,Success,../outputs/propernouns/elevenlabs/proper_200.mp3
kids study,Sarvam,910.43,Success,../outputs/propernouns/sarvam/proper_200.wav
